Category,total_sales,total_profit,avg_discount,count_orders
Technology,836154.033,145454.9481,0.1323226854358419,1847
Furniture,741306.3133,18421.8137,0.17402738432483475,2118
Office Supplies,718735.244,122364.6608,0.15738522954091816,6012
